Metric,AND,OR
True positive,0.0,7.0
False positive,0.0,4.0
False Negative,48.0,41.0
True Negative,44.0,40.0
Recall,0.0,0.14583333333333334
Precision,0.0,0.6363636363636364
Sensitivity,0.0,0.14583333333333334
Specificity,1.0,0.9090909090909091
Accuracy,0.4782608695652174,0.5108695652173914
F1 Score,0.0,0.23728813559322035
