Metric,AND,OR
Recall,0.020833333333333332,0.14583333333333334
Precision,1.0,0.5384615384615384
Sensitivity,0.020833333333333332,0.14583333333333334
Specificity,1.0,0.8636363636363636
F1 Score,0.04081632653061225,0.22950819672131148
