Metric,AND,OR
Recall,0.0,0.08333333333333333
Precision,0.0,0.5714285714285714
Sensitivity,0.0,0.08333333333333333
Specificity,1.0,0.9318181818181818
F1 Score,0.0,0.14545454545454545
