Metric,AND,OR
True positive,1.0,7.0
False positive,0.0,6.0
False Negative,47.0,41.0
True Negative,44.0,38.0
Recall,0.020833333333333332,0.14583333333333334
Precision,1.0,0.5384615384615384
Sensitivity,0.020833333333333332,0.14583333333333334
Specificity,1.0,0.8636363636363636
Accuracy,0.4891304347826087,0.4891304347826087
F1 Score,0.04081632653061225,0.22950819672131148
