Metric,AND,OR
Recall,0.10416666666666667,0.4375
Precision,0.8333333333333334,0.5526315789473685
Sensitivity,0.10416666666666667,0.4375
Specificity,0.9772727272727273,0.6136363636363636
F1 Score,0.1851851851851852,0.4883720930232558
