Metric,AND,OR
True positive,5.0,21.0
False positive,1.0,17.0
False Negative,43.0,27.0
True Negative,43.0,27.0
Recall,0.10416666666666667,0.4375
Precision,0.8333333333333334,0.5526315789473685
Sensitivity,0.10416666666666667,0.4375
Specificity,0.9772727272727273,0.6136363636363636
Accuracy,0.5217391304347826,0.5217391304347826
F1 Score,0.1851851851851852,0.4883720930232558
