Metric,AND,OR
Recall,0.0,0.14583333333333334
Precision,0.0,0.6363636363636364
Sensitivity,0.0,0.14583333333333334
Specificity,1.0,0.9090909090909091
F1 Score,0.0,0.23728813559322035
